-- INSERT za tabelu Residences (50 zapisa)
INSERT INTO Residences (ResidenceID, StreetAddress, City, NumberOfOccupants, SolarPanelsStatus, MeterType, ContactEmail) VALUES
(1, 'Knez Mihailova 15', 'Beograd', 3, 'Yes', 'Smart Meter', 'marko.petrovic@email.com'),
(2, 'Vuka Karadži?a 22', 'Novi Sad', 4, 'No', 'Digital Meter', 'ana.jovanovic@email.com'),
(3, 'Cara Dušana 8', 'Niš', 2, 'Yes', 'Smart Meter', 'stefan.nikolic@email.com'),
(4, 'Zemunska 45', 'Beograd', 5, 'No', 'Analog Meter', 'milica.stojanovic@email.com'),
(5, 'Strahini?a Bana 12', 'Kragujevac', 3, 'Yes', 'Digital Meter', 'petar.milic@email.com'),
(6, 'Bulevar Oslobo?enja 67', 'Novi Sad', 2, 'No', 'Smart Meter', 'jovana.radic@email.com'),
(7, 'Kralja Petra 34', 'Subotica', 4, 'Yes', 'Digital Meter', 'nikola.savic@email.com'),
(8, 'Vojvode Stepe 89', 'Beograd', 1, 'No', 'Analog Meter', 'marija.popovic@email.com'),
(9, 'Cara Lazara 23', 'Novi Pazar', 6, 'No', 'Digital Meter', 'milan.jovic@email.com'),
(10, 'Svetosavska 56', '?a?ak', 3, 'Yes', 'Smart Meter', 'tamara.mitrovic@email.com'),
(11, 'Makedonska 78', 'Beograd', 2, 'No', 'Digital Meter', 'vladimir.antic@email.com'),
(12, 'Futoška 91', 'Novi Sad', 4, 'Yes', 'Smart Meter', 'dragana.kojic@email.com'),
(13, 'Obrenovi?eva 17', 'Pan?evo', 3, 'No', 'Analog Meter', 'miloš.stankovic@email.com'),
(14, 'Hajduk Veljkova 42', 'Kragujevac', 5, 'Yes', 'Digital Meter', 'snežana.pavlovic@email.com'),
(15, 'Nemanjina 29', 'Leskovac', 2, 'No', 'Smart Meter', 'aleksandar.djordjevic@email.com'),
(16, 'Kni?aninova 65', 'Novi Sad', 4, 'Yes', 'Digital Meter', 'jelena.kostic@email.com'),
(17, 'Ustanicka 83', 'Beograd', 1, 'No', 'Analog Meter', 'bojan.lazic@email.com'),
(18, 'Mileševa 11', 'Prijepolje', 3, 'Yes', 'Smart Meter', 'ivana.dimitrijevic@email.com'),
(19, 'Kara?or?eva 57', 'Smederevo', 4, 'No', 'Digital Meter', 'dragan.petrov@email.com'),
(20, 'Zmaj Jovina 33', 'Novi Sad', 2, 'Yes', 'Smart Meter', 'marina.nikolic@email.com'),
(21, 'Bulevar Kralja Aleksandra 124', 'Beograd', 3, 'No', 'Digital Meter', 'stefan.milosevic@email.com'),
(22, 'Vojvo?anska 76', 'Zrenjanin', 5, 'Yes', 'Smart Meter', 'milena.stojanovic@email.com'),
(23, 'Trg Republike 14', 'Užice', 2, 'No', 'Analog Meter', 'nemanja.jankovic@email.com'),
(24, 'Dunavska 88', 'Novi Sad', 4, 'Yes', 'Digital Meter', 'sandra.matic@email.com'),
(25, 'Knez Mihajlova 46', 'Valjevo', 3, 'No', 'Smart Meter', 'marko.filipovic@email.com'),
(26, 'Bulevar Nemanji?a 92', 'Niš', 1, 'Yes', 'Digital Meter', 'ana.stojkovic@email.com'),
(27, 'Svetog Save 25', 'Kikinda', 4, 'No', 'Analog Meter', 'milan.rajic@email.com'),
(28, 'Dositejeva 71', 'Beograd', 2, 'Yes', 'Smart Meter', 'jovana.petrovic@email.com'),
(29, 'Cara Jovana 39', 'Sombor', 5, 'No', 'Digital Meter', 'vladimir.milic@email.com'),
(30, 'Njegoševa 63', 'Kragujevac', 3, 'Yes', 'Smart Meter', 'milica.nikolic@email.com'),
(31, 'Bulevar Evrope 85', 'Novi Sad', 2, 'No', 'Digital Meter', 'petar.jovic@email.com'),
(32, 'Kosovska 27', 'Jagodina', 4, 'Yes', 'Analog Meter', 'marija.stojanovic@email.com'),
(33, 'Palmoti?eva 54', 'Beograd', 1, 'No', 'Smart Meter', 'nikola.dimitrijevic@email.com'),
(34, 'Železni?ka 18', 'Šabac', 3, 'Yes', 'Digital Meter', 'jelena.pavlovic@email.com'),
(35, 'Vojvode Miši?a 81', 'Novi Sad', 5, 'No', 'Smart Meter', 'stefan.antic@email.com'),
(36, 'Knjaževa?ka 47', 'Zaje?ar', 2, 'Yes', 'Analog Meter', 'dragana.milosevic@email.com'),
(37, 'Bulevar Zorana ?in?i?a 73', 'Beograd', 4, 'No', 'Digital Meter', 'miloš.jankovic@email.com'),
(38, 'Modene 16', 'Novi Sad', 3, 'Yes', 'Smart Meter', 'tamara.stojanovic@email.com'),
(39, 'Majke Jevrosime 95', 'Vršac', 1, 'No', 'Digital Meter', 'aleksandar.radic@email.com'),
(40, 'Bra?e Jugovi?a 62', 'Kragujevac', 4, 'Yes', 'Smart Meter', 'snežana.milic@email.com'),
(41, 'Cara Uroša 28', 'Novi Pazar', 2, 'No', 'Analog Meter', 'vladimir.kostic@email.com'),
(42, 'Bulevar Patrijarha Pavla 51', 'Beograd', 3, 'Yes', 'Digital Meter', 'marija.nikolic@email.com'),
(43, 'Jovana Cvij??? 84', 'Novi Sad', 5, 'No', 'Smart Meter', 'bojan.stojanovic@email.com'),
(44, 'Svetozara Markovi?a 37', 'Pirot', 2, 'Yes', 'Digital Meter', 'ivana.jovic@email.com'),
(45, 'Knez Mihailova 69', 'Smederevska Palanka', 4, 'No', 'Analog Meter', 'dragan.pavlovic@email.com'),
(46, 'Dunavski kej 13', 'Novi Sad', 1, 'Yes', 'Smart Meter', 'marina.mitrovic@email.com'),
(47, 'Bulevar Vojvode Bojovi?a 75', 'Banja Luka', 3, 'No', 'Digital Meter', 'stefan.lazic@email.com'),
(48, 'Cara Dušana 41', 'Sremska Mitrovica', 4, 'Yes', 'Smart Meter', 'milena.djordjevic@email.com'),
(49, 'Vojvode Stepe 86', 'Beograd', 2, 'No', 'Analog Meter', 'nemanja.stojanovic@email.com'),
(50, 'Bulevar Mihajla Pupina 58', 'Novi Sad', 5, 'Yes', 'Digital Meter', 'ana.milosevic@email.com');

-- INSERT za tabelu ConsumptionRecords (50 zapisa)
INSERT INTO ConsumptionRecords (RecordID, ResidenceID, Date, KilowattHours, PartOfDay, ReadingType) VALUES
(1, 1, '2024-01-15', 12.50, 'Morning', 'Automatic'),
(2, 1, '2024-01-15', 18.75, 'Evening', 'Automatic'),
(3, 2, '2024-01-16', 22.30, 'Morning', 'Manual'),
(4, 3, '2024-01-16', 8.90, 'Night', 'Automatic'),
(5, 4, '2024-01-17', 35.60, 'Evening', 'Manual'),
(6, 5, '2024-01-17', 14.20, 'Morning', 'Automatic'),
(7, 6, '2024-01-18', 9.85, 'Night', 'Automatic'),
(8, 7, '2024-01-18', 28.40, 'Evening', 'Manual'),
(9, 8, '2024-01-19', 6.75, 'Morning', 'Automatic'),
(10, 9, '2024-01-19', 42.10, 'Evening', 'Manual'),
(11, 10, '2024-01-20', 16.90, 'Morning', 'Automatic'),
(12, 11, '2024-01-20', 11.35, 'Night', 'Automatic'),
(13, 12, '2024-01-21', 25.80, 'Evening', 'Manual'),
(14, 13, '2024-01-21', 19.45, 'Morning', 'Automatic'),
(15, 14, '2024-01-22', 33.70, 'Evening', 'Manual'),
(16, 15, '2024-01-22', 7.60, 'Night', 'Automatic'),
(17, 16, '2024-01-23', 21.90, 'Morning', 'Manual'),
(18, 17, '2024-01-23', 5.40, 'Night', 'Automatic'),
(19, 18, '2024-01-24', 15.85, 'Morning', 'Automatic'),
(20, 19, '2024-01-24', 27.30, 'Evening', 'Manual'),
(21, 20, '2024-01-25', 10.70, 'Night', 'Automatic'),
(22, 21, '2024-01-25', 18.95, 'Morning', 'Manual'),
(23, 22, '2024-01-26', 31.40, 'Evening', 'Automatic'),
(24, 23, '2024-01-26', 13.80, 'Morning', 'Manual'),
(25, 24, '2024-01-27', 24.60, 'Evening', 'Automatic'),
(26, 25, '2024-01-27', 17.25, 'Morning', 'Manual'),
(27, 26, '2024-01-28', 8.15, 'Night', 'Automatic'),
(28, 27, '2024-01-28', 29.90, 'Evening', 'Manual'),
(29, 28, '2024-01-29', 12.40, 'Morning', 'Automatic'),
(30, 29, '2024-01-29', 38.75, 'Evening', 'Manual'),
(31, 30, '2024-01-30', 20.10, 'Morning', 'Automatic'),
(32, 31, '2024-01-30', 9.95, 'Night', 'Automatic'),
(33, 32, '2024-01-31', 26.50, 'Evening', 'Manual'),
(34, 33, '2024-01-31', 6.85, 'Night', 'Automatic'),
(35, 34, '2024-02-01', 16.70, 'Morning', 'Manual'),
(36, 35, '2024-02-01', 32.90, 'Evening', 'Automatic'),
(37, 36, '2024-02-02', 11.25, 'Night', 'Manual'),
(38, 37, '2024-02-02', 23.80, 'Morning', 'Automatic'),
(39, 38, '2024-02-03', 19.60, 'Evening', 'Manual'),
(40, 39, '2024-02-03', 7.30, 'Night', 'Automatic'),
(41, 40, '2024-02-04', 28.15, 'Evening', 'Manual'),
(42, 41, '2024-02-04', 14.95, 'Morning', 'Automatic'),
(43, 42, '2024-02-05', 21.40, 'Morning', 'Manual'),
(44, 43, '2024-02-05', 35.20, 'Evening', 'Automatic'),
(45, 44, '2024-02-06', 13.60, 'Morning', 'Manual'),
(46, 45, '2024-02-06', 25.75, 'Evening', 'Automatic'),
(47, 46, '2024-02-07', 8.90, 'Night', 'Manual'),
(48, 47, '2024-02-07', 18.35, 'Morning', 'Automatic'),
(49, 48, '2024-02-08', 30.80, 'Evening', 'Manual'),
(50, 49, '2024-02-08', 15.45, 'Morning', 'Automatic');

-- INSERT za tabelu PricingPlans (50 zapisa)
INSERT INTO PricingPlans (PlanID, PlanName, RatePerKWh, EffectiveFrom, EffectiveTo, PeakHours, Status) VALUES
(1, 'Residential Standard', 6.5000, '2024-01-01', '2024-12-31', '07:00-09:00,18:00-22:00', 'Active'),
(2, 'Residential Premium', 7.2000, '2024-01-01', '2024-12-31', '07:00-10:00,17:00-23:00', 'Active'),
(3, 'Green Energy Plan', 8.1000, '2024-01-01', '2024-12-31', '08:00-10:00,19:00-21:00', 'Active'),
(4, 'Night Saver', 4.8000, '2024-01-01', '2024-12-31', '22:00-06:00', 'Active'),
(5, 'Solar Plus', 5.9000, '2024-01-01', '2024-12-31', '10:00-16:00', 'Active'),
(6, 'Economy Basic', 5.5000, '2024-01-01', '2024-06-30', '06:00-08:00,20:00-22:00', 'Inactive'),
(7, 'Business Standard', 7.8000, '2024-01-01', '2024-12-31', '08:00-18:00', 'Active'),
(8, 'Weekend Special', 6.0000, '2024-01-01', '2024-12-31', 'Saturday-Sunday', 'Active'),
(9, 'Senior Discount', 5.8000, '2024-01-01', '2024-12-31', '07:00-09:00,18:00-20:00', 'Active'),
(10, 'Student Plan', 5.2000, '2024-01-01', '2024-12-31', '09:00-17:00', 'Active'),
(11, 'Family Plus', 6.8000, '2024-02-01', '2024-12-31', '07:00-09:00,17:00-21:00', 'Active'),
(12, 'Eco Saver', 7.5000, '2024-02-01', '2024-12-31', '08:00-10:00,18:00-20:00', 'Active'),
(13, 'Peak Avoidance', 4.9000, '2024-02-01', '2024-12-31', '10:00-16:00,22:00-06:00', 'Active'),
(14, 'Flexible Rate', 6.3000, '2024-02-01', '2024-12-31', 'Variable', 'Active'),
(15, 'Apartment Complex', 5.7000, '2024-02-01', '2024-12-31', '07:00-09:00,19:00-21:00', 'Active'),
(16, 'Rural Special', 5.4000, '2024-03-01', '2024-12-31', '06:00-08:00,18:00-20:00', 'Active'),
(17, 'Urban Premium', 7.9000, '2024-03-01', '2024-12-31', '07:00-11:00,17:00-23:00', 'Active'),
(18, 'Low Income Support', 4.5000, '2024-03-01', '2024-12-31', '22:00-06:00', 'Active'),
(19, 'High Usage', 8.5000, '2024-03-01', '2024-12-31', '07:00-22:00', 'Active'),
(20, 'Moderate Usage', 6.1000, '2024-03-01', '2024-12-31', '08:00-18:00', 'Active'),
(21, 'Time of Use Basic', 5.6000, '2024-04-01', '2024-12-31', '07:00-09:00,17:00-19:00', 'Active'),
(22, 'Renewable Focus', 8.3000, '2024-04-01', '2024-12-31', '10:00-14:00', 'Active'),
(23, 'Seasonal Standard', 6.7000, '2024-04-01', '2024-09-30', '07:00-09:00,18:00-22:00', 'Active'),
(24, 'Commercial Lite', 7.1000, '2024-04-01', '2024-12-31', '08:00-17:00', 'Active'),
(25, 'Budget Conscious', 5.1000, '2024-04-01', '2024-12-31', '23:00-06:00', 'Active'),
(26, 'Standard Plus', 6.9000, '2024-05-01', '2024-12-31', '07:00-09:00,18:00-21:00', 'Active'),
(27, 'Energy Efficient', 5.3000, '2024-05-01', '2024-12-31', '22:00-07:00', 'Active'),
(28, 'Peak Time Premium', 9.2000, '2024-05-01', '2024-12-31', '17:00-21:00', 'Active'),
(29, 'Off-Peak Saver', 4.7000, '2024-05-01', '2024-12-31', '21:00-07:00', 'Active'),
(30, 'Balanced Rate', 6.4000, '2024-05-01', '2024-12-31', '08:00-18:00', 'Active'),
(31, 'Summer Special', 7.0000, '2024-06-01', '2024-08-31', '10:00-18:00', 'Active'),
(32, 'Winter Warm', 6.6000, '2024-11-01', '2025-02-28', '06:00-10:00,17:00-23:00', 'Active'),
(33, 'Smart Home', 7.4000, '2024-06-01', '2024-12-31', 'Dynamic', 'Active'),
(34, 'Electric Vehicle', 4.2000, '2024-06-01', '2024-12-31', '22:00-06:00', 'Active'),
(35, 'Heat Pump Special', 5.9000, '2024-06-01', '2024-12-31', '20:00-08:00', 'Active'),
(36, 'Multi-Family', 6.2000, '2024-07-01', '2024-12-31', '07:00-09:00,18:00-20:00', 'Active'),
(37, 'Fixed Rate Annual', 6.8500, '2024-07-01', '2025-06-30', 'All Day', 'Active'),
(38, 'Variable Peak', 8.7000, '2024-07-01', '2024-12-31', '16:00-20:00', 'Active'),
(39, 'Conservation Incentive', 5.0000, '2024-07-01', '2024-12-31', '23:00-07:00', 'Active'),
(40, 'New Customer Special', 5.8500, '2024-08-01', '2024-12-31', '08:00-18:00', 'Active'),
(41, 'Loyalty Discount', 6.1500, '2024-08-01', '2024-12-31', '07:00-09:00,19:00-21:00', 'Active'),
(42, 'High Efficiency', 7.6000, '2024-08-01', '2024-12-31', '12:00-16:00', 'Active'),
(43, 'Community Solar', 8.0000, '2024-08-01', '2024-12-31', '10:00-15:00', 'Active'),
(44, 'Legacy Plan', 5.4500, '2024-01-01', '2024-07-31', '07:00-19:00', 'Inactive'),
(45, 'Trial Rate', 6.7500, '2024-09-01', '2024-11-30', '08:00-20:00', 'Active'),
(46, 'Holiday Special', 5.6500, '2024-12-01', '2024-12-31', 'All Day', 'Active'),
(47, 'End of Year', 6.9500, '2024-10-01', '2024-12-31', '06:00-22:00', 'Active'),
(48, 'Promotional Rate', 4.9500, '2024-09-01', '2024-12-31', '20:00-08:00', 'Active'),
(49, 'Standard Revised', 6.5500, '2024-07-01', '2024-12-31', '07:00-09:00,18:00-22:00', 'Active'),
(50, 'Future Plan 2025', 7.2500, '2025-01-01', '2025-12-31', '07:00-09:00,17:00-21:00', 'Pending');

-- INSERT za tabelu Bills (50 zapisa)
INSERT INTO Bills (BillID, ResidenceID, BillingStart, BillingEnd, TotalKWh, TotalCharge, PaymentStatus, GeneratedDate) VALUES
(1, 1, '2024-01-01', '2024-01-31', 450.75, 2928.88, 'Paid', '2024-02-01 08:30:00'),
(2, 2, '2024-01-01', '2024-01-31', 620.30, 4031.95, 'Paid', '2024-02-01 08:45:00'),
(3, 3, '2024-01-01', '2024-01-31', 380.90, 3085.29, 'Pending', '2024-02-01 09:00:00'),
(4, 4, '2024-01-01', '2024-01-31', 890.60, 5788.90, 'Paid', '2024-02-01 09:15:00'),
(5, 5, '2024-01-01', '2024-01-31', 520.20, 3069.18, 'Overdue', '2024-02-01 09:30:00'),
(6, 6, '2024-01-01', '2024-01-31', 295.85, 1773.01, 'Paid', '2024-02-01 09:45:00'),
(7, 7, '2024-01-01', '2024-01-31', 780.40, 6087.12, 'Paid', '2024-02-01 10:00:00'),
(8, 8, '2024-01-01', '2024-01-31', 205.75, 1337.38, 'Pending', '2024-02-01 10:15:00'),
(9, 9, '2024-01-01', '2024-01-31', 1120.10, 7280.65, 'Paid', '2024-02-01 10:30:00'),
(10, 10, '2024-01-01', '2024-01-31', 485.90, 3935.29, 'Paid', '2024-02-01 10:45:00'),
(11, 11, '2024-02-01', '2024-02-29', 425.35, 2764.78, 'Paid', '2024-03-01 08:30:00'),
(12, 12, '2024-02-01', '2024-02-29', 695.80, 5362.16, 'Pending', '2024-03-01 08:45:00'),
(13, 13, '2024-02-01', '2024-02-29', 365.45, 2375.43, 'Overdue', '2024-03-01 09:00:00'),
(14, 14, '2024-02-01', '2024-02-29', 825.70, 6440.46, 'Paid', '2024-03-01 09:15:00'),
(15, 15, '2024-02-01', '2024-02-29', 245.60, 1471.60, 'Paid', '2024-03-01 09:30:00'),
(16, 16, '2024-02-01', '2024-02-29', 580.90, 4182.48, 'Paid', '2024-03-01 09:45:00'),
(17, 17, '2024-02-01', '2024-02-29', 185.40, 1205.10, 'Pending', '2024-03-01 10:00:00'),
(18, 18, '2024-02-01', '2024-02-29', 475.85, 3857.89, 'Paid', '2024-03-01 10:15:00'),
(19, 19, '2024-02-01', '2024-02-29', 720.30, 5618.34, 'Paid', '2024-03-01 10:30:00'),
(20, 20, '2024-02-01', '2024-02-29', 320.70, 1924.20, 'Paid', '2024-03-01 10:45:00'),
(21, 21, '2024-03-01', '2024-03-31', 510.25, 3214.58, 'Paid', '2024-04-01 08:30:00'),
(22, 22, '2024-03-01', '2024-03-31', 875.40, 6828.12, 'Pending', '2024-04-01 08:45:00'),
(23, 23, '2024-03-01', '2024-03-31', 295.60, 1770.60, 'Paid', '2024-04-01 09:00:00'),
(24, 24, '2024-03-01', '2024-03-31', 640.80, 4358.44, 'Overdue', '2024-04-01 09:15:00'),
(25, 25, '2024-03-01', '2024-03-31', 415.25, 2532.53, 'Paid', '2024-04-01 09:30:00'),
(26, 26, '2024-03-01', '2024-03-31', 195.15, 1463.13, 'Paid', '2024-04-01 09:45:00'),
(27, 27, '2024-03-01', '2024-03-31', 785.90, 4243.86, 'Paid', '2024-04-01 10:00:00'),
(28, 28, '2024-03-01', '2024-03-31', 385.40, 2308.40, 'Pending', '2024-04-01 10:15:00'),
(29, 29, '2024-03-01', '2024-03-31', 920.75, 7167.85, 'Paid', '2024-04-01 10:30:00'),
(30, 30, '2024-03-01', '2024-03-31', 555.10, 3720.17, 'Paid', '2024-04-01 10:45:00'),
(31, 31, '2024-04-01', '2024-04-30', 465.35, 2976.24, 'Paid', '2024-05-01 08:30:00'),
(32, 32, '2024-04-01', '2024-04-30', 750.80, 4279.56, 'Pending', '2024-05-01 08:45:00'),
(33, 33, '2024-04-01', '2024-04-30', 225.15, 1462.98, 'Paid', '2024-05-01 09:00:00'),
(34, 34, '2024-04-01', '2024-04-30', 585.70, 4158.47, 'Overdue', '2024-05-01 09:15:00'),
(35, 35, '2024-04-01', '2024-04-30', 895.40, 7116.68, 'Paid', '2024-05-01 09:30:00'),
(36, 36, '2024-04-01', '2024-04-30', 315.25, 1702.35, 'Paid', '2024-05-01 09:45:00'),
(37, 37, '2024-04-01', '2024-04-30', 685.90, 5333.82, 'Pending', '2024-05-01 10:00:00'),
(38, 38, '2024-04-01', '2024-04-30', 525.60, 3889.44, 'Paid', '2024-05-01 10:15:00'),
(39, 39, '2024-04-01', '2024-04-30', 175.85, 1143.03, 'Paid', '2024-05-01 10:30:00'),
(40, 40, '2024-04-01', '2024-04-30', 765.25, 5970.95, 'Paid', '2024-05-01 10:45:00'),
(41, 41, '2024-05-01', '2024-05-31', 395.40, 2426.96, 'Paid', '2024-06-01 08:30:00'),
(42, 42, '2024-05-01', '2024-05-31', 615.75, 4248.68, 'Pending', '2024-06-01 08:45:00'),
(43, 43, '2024-05-01', '2024-05-31', 845.90, 6721.15, 'Overdue', '2024-06-01 09:00:00'),
(44, 44, '2024-05-01', '2024-05-31', 285.60, 1885.96, 'Paid', '2024-06-01 09:15:00'),
(45, 45, '2024-05-01', '2024-05-31', 495.25, 3220.13, 'Paid', '2024-06-01 09:30:00'),
(46, 46, '2024-05-01', '2024-05-31', 205.85, 1523.29, 'Pending', '2024-06-01 09:45:00'),
(47, 47, '2024-05-01', '2024-05-31', 625.40, 4338.78, 'Paid', '2024-06-01 10:00:00'),
(48, 48, '2024-05-01', '2024-05-31', 775.15, 5736.11, 'Paid', '2024-06-01 10:15:00'),
(49, 49, '2024-05-01', '2024-05-31', 355.70, 2312.06, 'Overdue', '2024-06-01 10:30:00'),
(50, 50, '2024-05-01', '2024-05-31', 685.25, 4925.30, 'Paid', '2024-06-01 10:45:00');

-- INSERT za tabelu Appliances (50 zapisa)
INSERT INTO Appliances (ApplianceID, ResidenceID, Type, EstimatedDailyUsage, Location, PurchaseDate) VALUES
(1, 1, 'Refrigerator', 3.50, 'Kitchen', '2022-03-15'),
(2, 1, 'Washing Machine', 2.10, 'Laundry Room', '2023-01-20'),
(3, 2, 'Air Conditioner', 8.75, 'Living Room', '2021-05-10'),
(4, 2, 'Dishwasher', 1.85, 'Kitchen', '2022-08-03'),
(5, 3, 'Electric Heater', 6.20, 'Bedroom', '2023-10-12'),
(6, 3, 'Microwave', 0.95, 'Kitchen', '2021-11-28'),
(7, 4, 'Dryer', 4.30, 'Laundry Room', '2022-06-14'),
(8, 4, 'Water Heater', 12.50, 'Basement', '2020-09-22'),
(9, 5, 'Television', 0.85, 'Living Room', '2023-02-18'),
(10, 5, 'Oven', 3.40, 'Kitchen', '2021-12-05'),
(11, 6, 'Freezer', 2.75, 'Garage', '2022-04-30'),
(12, 6, 'Computer', 0.65, 'Office', '2023-07-11'),
(13, 7, 'Heat Pump', 9.80, 'HVAC Room', '2021-03-25'),
(14, 7, 'Coffee Machine', 0.45, 'Kitchen', '2023-05-16'),
(15, 8, 'Iron', 1.20, 'Laundry Room', '2022-09-08'),
(16, 8, 'Vacuum Cleaner', 0.75, 'Storage', '2021-07-19'),
(17, 9, 'Electric Stove', 5.60, 'Kitchen', '2020-11-13'),
(18, 9, 'Space Heater', 4.95, 'Bedroom', '2023-01-07'),
(19, 10, 'Dehumidifier', 2.30, 'Basement', '2022-10-24'),
(20, 10, 'Gaming Console', 0.55, 'Living Room', '2023-12-01'),
(21, 11, 'Blender', 0.35, 'Kitchen', '2021-08-17'),
(22, 11, 'Fan', 0.90, 'Bedroom', '2022-05-29'),
(23, 12, 'Toaster', 0.25, 'Kitchen', '2023-03-21'),
(24, 12, 'Electric Kettle', 0.15, 'Kitchen', '2021-10-04'),
(25, 13, 'Pool Pump', 7.25, 'Backyard', '2020-06-18'),
(26, 13, 'Garage Door Opener', 0.40, 'Garage', '2022-12-13'),
(27, 14, 'Sewing Machine', 0.80, 'Craft Room', '2021-04-26'),
(28, 14, 'Hair Dryer', 0.30, 'Bathroom', '2023-08-09'),
(29, 15, 'Electric Grill', 2.85, 'Balcony', '2022-07-02'),
(30, 15, 'Printer', 0.25, 'Office', '2021-09-15'),
(31, 16, 'Slow Cooker', 0.70, 'Kitchen', '2023-04-11'),
(32, 16, 'Electric Blanket', 0.55, 'Bedroom', '2022-01-23'),
(33, 17, 'Humidifier', 0.85, 'Living Room', '2021-12-30'),
(34, 17, 'Electric Toothbrush', 0.05, 'Bathroom', '2023-06-07'),
(35, 18, 'Treadmill', 3.20, 'Home Gym', '2020-08-14'),
(36, 18, 'Electric Piano', 0.45, 'Music Room', '2022-11-26'),
(37, 19, 'Bread Maker', 0.95, 'Kitchen', '2021-05-31'),
(38, 19, 'Electric Fireplace', 4.60, 'Living Room', '2023-09-19'),
(39, 20, 'Juicer', 0.40, 'Kitchen', '2022-03-08'),
(40, 20, 'Security System', 0.15, 'Entry', '2021-01-12'),
(41, 21, 'Electric Lawn Mower', 1.75, 'Garage', '2023-05-03'),
(42, 21, 'Hot Tub', 15.30, 'Backyard', '2020-07-28'),
(43, 22, 'Wine Cooler', 1.40, 'Dining Room', '2022-09-14'),
(44, 22, 'Electric Shaver', 0.08, 'Bathroom', '2021-11-02'),
(45, 23, 'Espresso Machine', 0.85, 'Kitchen', '2023-02-25'),
(46, 23, 'Electric Scooter Charger', 0.65, 'Garage', '2022-06-17'),
(47, 24, 'Food Processor', 0.55, 'Kitchen', '2021-08-09'),
(48, 24, 'Electric Pressure Washer', 2.20, 'Garage', '2023-10-01'),
(49, 25, 'Ice Maker', 1.95, 'Kitchen', '2022-04-15'),
(50, 25, 'Electric Car Charger', 11.50, 'Garage', '2023-07-22');